sentence,label
最近在安邦长青树中看到什么豁免，这个是什么意思？,0
HUTS中有没有适合帆船比赛的保险，我男朋友这周就要开始了,0
计划端午节和男朋友自驾去九*山，买保险三天要多少钱？,0
端午我们准备要举行赛龙舟，说是要份保险，什么好,0
老婆买了安*长*树，她在网上投保的，以后缴费怎么办,0
听说huts可以申请医疗垫付的，什么情况下可以批呢？,0
和团队去北极探险，有没有针对这方面的HUTS保险呢,0
去欧*出差，随身的物品比较多，有没有保障这个的保险,0
老公喜欢抽烟，但是听说这样就投不了安*长青树了，是真的吗，什么意思？,0
这个周末天气不错，看着心情舒坦，准备和朋友户外拓展，什么保险好,0
老婆已经买了其他的重疾险，还要投康惠保，能行吗,0
我和老婆单位都买了社保，现在她又要买什么哆啦A保，有必要吗,0
小*买了份哆啦A保，说是没有纸质保单，怎么回事,0
huts保险中有没有关于赛事的？怎么好多保险户外赛事都不保障,0
我空闲时间不多，老婆带着儿子两个人去周边玩一天，有什么保险呢?,0
这个周末儿子有场拳击比赛，很担心安全，什么保险好,0
我女朋友比较马虎，她这次一个人去美*玩，想给买份保险,0
为什么要选择职业，我儿子还在上中学，怎么填安邦长青树的职业？,0
哆啦A保对年龄有没有限制，10岁的小女孩可以买吗,0
是不是我在犹豫期退保了安邦长青树，就不给我保障了？,0
想问下，如果重疾理赔后身故，哆啦A保还有身故赔偿金吗,0
重疾险的缴费期限有什么用处，康惠保的缴费期限好不好,0
怎么儿子去留学前三个月没有医疗保障，怎么办？,0
"谁知道,在海外务工,有什么保险可以保障?",0
去年下半年大叔买了哆啦A保，现在原位癌住院了，能不能理赔？,0
当前有没有可以针对第一现场救助的旅游保险呢,0
为什么我投保的弘康哆啦A保没有发票呢？,0
康惠保是选择终身的好还是到70岁保障期好，为什么？,0
康惠保在北*买的，现在人在山*，出险了是否可以理赔？,0
出国玩比较担心护照等随身物品安全，什么保险可以投？,0
投了安*长*树几个月后，发现得了脑膜炎，这个可以报销吗,0
什么是小额快赔，在huts保险中看到的,0
想要去欧*游玩，不晓得什么样的保险比较合适,0
安*长*树对各个地区可以投保的最高保额有限制吗？,0
本周公司团建，去户外玩，huts保险有什么比较好,0
哆啦A保享有多次赔付，但患重疾理赔后，轻症和身故责任还有吗？,0
和老婆去德*旅游，办签证要买保险，什么比较好？,0
姐姐投了安*长*树，为啥只有电子保单？,0
女儿去欧*留学，刚开始几个月医保卡没有下来，什么保险可以补充？,0
我女朋友是个导游，比较担心安全，请问什么领队责任险可以考虑？,0
请问下，安*长青树有没有等待期，长不长？,0
去韩*游玩，有什么HUTS保险比较可靠,0
打算周末和老公带儿子来场亲子游，有什么HUTS保险比较可靠？,0
消费型重疾险适合哪些人群,0
下周儿子会有场小学生足球比赛，比较担心安全，可以买什么保险？,0
儿子计划去美*游学三个月，其他都准备好了，现在想找款合适的保险,0
请问huts可以承保30人的野外跑步赛事吗？,0
请问下康惠保的缴费年限有哪些？,0
因为工作原因，乘坐飞机比较多，有哪些HUTS保险产品是适合坐飞机投保的?,0
最近看到HUTS的小额快赔，有什么好处呢？,0
爱好喝点小酒，可以投长青树吗,0
老板安排我去美*出差一个月，什么保险比较安全,0
请问下什么是轻症，为什么原位癌却按照安邦长青树的轻症理赔？,0
最近俱乐部有个羽毛球比赛，给参赛者选择什么huts保险好？,0
请问下攀岩徒步等户外运动，买什么保险较好？,0
有谁知道康惠保申请得严不严格？,0
刚投保的康*保，说还在等待期，什么意思,0
我是个导游，近期带队很频繁，有什么保险可以投的？,0
请问下HUTS旅游险和一般的旅游保险有什么不一样的？,0
这个周末去周边玩，只有一天的时间，要不要买保险的,0
"请问下哆啦A保重疾险,买多久的比较好?",0
出发前投了huts保险，如果迷路了怎么办呢？,0
哆啦A保的犹豫期是多久，我退会不会扣钱的？,0
"买哆啦A保,之前还要去做个体检吗?",0
我老公比较忙，我可以为他投康惠保吗,0
谁晓得安邦长青树的保险单怎么拿到？,0
"准备端午去日*玩玩,买了机票什么旅游险好",0
在网上买了哆啦A保，保单在哪儿啊？,0
最近在看重疾险，看到哆啦A保说什么智能核保，什么意思？,0
今年28岁，投保哆啦A保多久比较好？,0
中*人民健康保险中途退保可以全额退款吗,0
陪老婆去巴*玩，有什么合适的旅游险比较好的？,0
准备这个星期去攀岩，有教练陪同再有保险可行？,0
我老公特别喜欢喝酒，担心他身体健康，能买什么重疾险？,0
去东*亚游玩几天时间，有什么huts保险比较好的？,0
青*6日游，除了必备品的准备外，保险需要购买哪些,0
我大舅抽烟，可以买安邦长青树吗？,0
决定端午去西*自驾游，除了装备之外要什么保险,0
得过胰腺炎是不是不能买重疾险,0
天热了，很想去潜水，除了装备、教练以及费用外还要什么保险？,0
华夏保险交了一年的钱能退保吗,0
现在市面上哪种重疾险比较好,0
安邦人寿保险保单查询参加保险后想退保可以吗？,0
请问下，百年康惠保在投保的时候要注意什么？,0
想知道，我搬家了会影响到哆啦A保的赔偿等问题吗？,0
安*长*树*保*不*扣保费？,0
计划去欧*探亲，有没有适合的保险介绍下,0
有谁知道，HUTS保险产品应该怎么购买才不亏呢？,0
我能替我上小学的儿子以及丈夫买安邦长青树吗,0
HUTS保险中说的第一现场救援，是什么意思？,0
计划端午准备去新*兰探亲，买什么保险比较好？,0
安*长青树陪不赔偿良性肿瘤呢？,0
慧择说保险百年人寿定制的康惠保重疾险究竟怎么样,0
已经投保了HUTS保险，如果出险怎么报案呢？,0
这个五一趁着天气好，准备和兄弟一起登山，买什么保险好？,0
一直计划去北*玩玩，但是不知道买什么保险好？,0
我签的安*长*树还在犹豫期，能退保吗？,0
huts旅游保险和一般的旅游险有什么不同？,0
想知道，是不是投保康惠保没有出险很亏？,0
我是个导游，最近看到HUTS的领队责任险，这个好不好？,0
请问下，康惠保主要保障什么？,0
出门旅游安全最重要，如何选择旅游险最划算,0
谁能说说康惠保怎么样，朋友推荐能投保吗？,0
想知道，HUTS保险的7*24小时服务随时在线怎么申请的？,0
准备去速降，教练买了众行天下，说还管紧急救援，是真的吗？,0
"听说了HUTS的北斗无人区卫星定位,请问什么意思",0
请问下安邦长青树的犹豫期究竟是多长呢？,0
想知道，康惠保对投保者的职业有没有限制呢,0
请问下，什么是HUTS的小额快赔服务？,0
人在国外旅游，买了HUTS保险请问什么条件可以申请紧急救援,0
请问一下，康惠保保险对职业有没有限制？,0
看到安*长*树感觉很适合自己，但是自己只有建行卡，可以支付吗？,0
打算这个五一带女朋友自驾云*玩，什么保险合适？,0
打算和女朋友进行一周的观光旅行，买什么HUTS保险好？,0
本周会参加一个野外赛跑比赛，买什么HUTS保险比较合适？,0
"想知道,哆啦A保在医院上有什么要求,有没有指定的?",0
最近看到HUTS的众行天下-自行车运动保险，可不可靠？,0
想知道，太*山穿越线路有哪些，有没什么保险专门保障的,0
打算入手安邦长青树，但是怎么付款，每次都得去保险公司吗,0
打算周末和老公儿子去迪士尼，什么保险适合我们的？,0
HUTS保险野外搜救医疗上怎么处置？,0
听说了huts一日游只要1元钱，真的吗,0
我女儿上初中并没有身份证，可以买安邦长青树吗？,0
有谁知道，慧择旅游HUTS保险中的一日游保障足不足？,0
本周末公司会组织一次大型户外拓展活动，200人什么HUTS保险合适？,0
什么情况下可以申请HUTS保险的境外旅行紧急援助服务？,0
"现在天气比较好,这周末开始和小伙伴去青*旅游,有没有合适的保险?",0
请问下，huts的小额快赔服务是什么意思？,0
儿子这学期就去纽*留学，请问买什么保险好？,0
什么情况下可以申请HUTS的医疗垫付？,0
工作很忙，但是想要买康惠保，需要提前体检吗,0
最近看到一款新的重疾险，安*长青树保障范围怎么样,0
准备去日*玩一周，买什么旅游险比较好？,0
去北美商务留学，请问有没有相关的HUTS保险？,0
康惠保只能保障到70岁吗,0
请问下huts安达天下-慧择旅游保险有哪些保障呢,0
买了huts保险，就医后无法自行回到居住地怎么办？,0
和女友准备野外露营几天，哪种好HUTS保险比较好？,0
已经投了HUTS保险，但是遭遇紧急情况同行未成年子女怎么办,0
我老公是石油开采工程技术人员，买安*长*树*险*不*被拒绝?,0
有谁能说下，康惠保的基本保障责任？,0
安*长*树买的时候要选职业，可我儿子未成年，怎么办,0
哆啦A保的理赔金额超过支付限额怎么办？,0
想了解下，安邦的长青树理赔难不难,0
请问下，是不是康惠保保险合同签订之后，就无法修改了,0
有没有人晓得康惠保出现报案的话，要提供什么线索呢,0
请问下安邦长青树的理赔超过直付限额怎么办,0
准备周末和孩子一起参加户外亲自活动，买什么保险比较好,0
下周我会参加帆船比赛，请问什么保险比较可靠点,0
康惠保的保额最高额和最低是多少呢？,0
请问有哪位知道安*长青树赔偿款多长时间能到账,0
国内旅游，有没有领队责任险,0
有谁知道康惠保是哪种类型重疾,0
打算过阵子陪儿子去上海迪士尼玩，有合适的保险吗,0
"想了解下,HUTS保险在旅游方面包括哪些类别？",0
huts保险境外需紧急就医而周边没有医疗机构怎么办？,0
投了huts保险，就医后无法正常走动但要回国怎么办？,0
请问huts保险，境外需要及时了解护照，签证等信息怎么办？,0
如何申请huts保险中的7*24小时便捷服务,0
百年的康惠保重疾险购买人群限制在成人吗？,0
长青树保险的轻症给付可以累计几次呢,0
请问下安邦长青树中的绿通服务是什么意思？不懂,0
请问下huts保险中的7*24小时便捷服务是什么意思,0
安邦的重疾险长青树付款方式必须要现金吗,0
老妈买了康惠保，但是只要电子保单，这是真的吗,0
慧择的HUTS保险覆盖的范围多大？,0
是不是康惠保不能给自己的闺蜜投？,0
请问下huts慧游游-慧择旅游保险是怎么理赔的？,0
安*长青树理赔材料审核要多久呀,0
huts保险可以保障哪些旅游呢？,0
"HUTS中的众行天下可以有哪些保障,意外伤害有赔偿吗?",0
请问系huts保险中的小额快赔是什么意思？,0
在投保哆啦A保的时候，需要明确哪些内容呢？,0
huts保险在国内有哪些专属的搜救路线呢？,0
请问下最近经常听过的康惠保保障的内容是什么,0
想知道哆啦A保的轻症可以赔付几次？,0
已经购买了huts保险，请问什么情况下可以申请全球救援,0
安*长*树的销售范围是什么？,0
有了huts保险救援之后，同行的未成年子女怎么办,0
"请问下在外面旅游受伤治疗了,投了huts保险怎么回家",0
想知道户外旅行遭遇紧急情况，亲属不在身边怎么办？,0
工人是不是不能够买康惠保的？,0
HUTS保险专属线路搜救，野外搜救怎么进行？,0
huts保险中有没有户外登山的保险呢,0
想要保额高点，保障疾病种类全点的重疾险产品。,0
请问已经投保HUTS保险，同行未成年儿子无人照料怎么办？,0
huts保险中有一日游的产品吗？哪个好点？,0
想请问下白血病在不在安邦长青树的保障范围内,0
请问有谁知道境外出游可以投保HUTS保险吗？,0
请问huts保险中有什么保险用来留学的呢?,0
想知道，huts保险遇到伤员是如何转运的？,0
同事给投的HUTS保险，需要救援的事故是怎么定的？,0
请问下HUTS保险在伤员转运方面是怎么做的？,0
慧择的huts保险有除了紧急救援之外，有没有其他特点？,0
哥们买的huts保险，说野外可以救助，是怎么救助的？,0
百年康惠保保险在等待期有什么保障责任？,0
HUTS保险在野外提供什么救助？,0
想知道，huts保险是有专门的救援队伍吗？,0
打算利用假期进行环海南岛骑行，有相关保险推荐吗？,0
请问下买的huts保险，在什么情况下会展开救援？,0
户外探险前买了huts保险，迷路了可以申请救援吗,0
我女儿未成年能投保哆啦A保吗,0
想请问下，安*长*树的受益人是固定的吗？,0
请问下，一般重疾险里面会有哪些轻症也是可以保障的？,0
huts保险如何进行野外搜救的?,0
打算给老公投保一份重疾险，请问买什么好,0
打算进行半年的境外游玩，huts保险中有合适的介绍吗,0
在国外陌生的地方，huts提供出行方面的指导吗？,0
"半年前生病已经有了安*长*树的理赔,以后还能赔吗",0
请问下，朋友说的huts旅游保险可靠不？贵不贵,0
想知道康惠保对投保人的职业有没有限制？我是个老师,0
家里有社保，还可不可以买康惠保保险？,0
"想请问下,HUTS保险是哪家公司的,怎么样",0
周末和老公自驾游，可以投huts的什么保险？,0
安*长青树重疾险是不是只有大人可以买，我女儿10岁可以投吗,0
慧择huts保险对户外运动方面保不保呢,0
不晓得慧择huts保险里面有没有费用垫付的？不够钱怎么办,0
我女儿10岁可以投保康惠保吗？,0
请问，我合肥的朋友买了康惠保，我在北*，也可以买吗,0
HUTS保险在国外管不管用，有什么特色的地方,0
想请问下公司组织团体活动，可以申请huts保险救援吗？,0
请问下慧择的哪些产品有HUTS保险服务,0
请问下当前市场上有没有比较好的重疾险，麻烦介绍几种适合30岁的,0
想请问下，我爸爸40多了，有没有保终身的重疾险？,0
huts保险救援和一般的救援想比，有什么区别或者优势？,0
有没有比较好的消费型重疾险介绍,0
请问，之前买过保险退保了，现在还可以买重疾险吗,0
想知道，慧择的huts保险对出国留学有保障吗？,0
"huts是哪家出的保险产品,之前怎么没听说过",0
"邻居叔叔有冠心病,还可以购买康惠保保险吗",0
请问下，重疾险可以买终身的吗,0
不知道，huts保险提供的是什么类型的救援？,0
重疾险和年金险的区别,0
重疾险对比，哪款最好,0
慧择的HUTS保险只是保国内的吗？,0
今年已经投保了健康险，还有必要买重疾险吗？,0
想要和闺蜜一起去西*玩，推荐个旅游险吧,0
"自驾游,可以选购huts保险中的哪种呢?",0
慧择的huts旅游险都有些什么？可靠吗,0
百年康惠保对购买者的职业有要求吗？,0
HUTS保险是哪家公司推出的，可不可靠,0
出国留学，huts保险有什么保险可以保障？,0
重疾险康惠保后期如何缴费？,0
huts旅游保险价格怎么样,0
投保哆啦A保之前需要进行体检吗？,0
请问下安邦长青树保险要不要体检的？,0
请问下，huts有哪些救援方式？,0
想请问，什么重疾险比较实惠还可靠,0
具备huts服务，请问怎么联系救援？,0
我想知道重疾险是不是赔小病呢？,0
申请了huts服务，请问紧急情况自己钱不够怎么办？,0
huts为什么说是能救命的保险？,0
请问下，安邦长青树是什么类型的保险？,0
在沙漠迷失方向，怎么申请huts无人区卫星定位？,0
请问下，我能为闺蜜买康惠保保险吗？,0
我想知道，是不是重疾险保障的疾病都是一样的？,0
huts中，什么情况下可以申请直升机救援？,0
huts保险，有什么优势可以帮到投保者？,0
huts提不提供出行指导？,0
"huts紧急救援只是国外有吗,国内的行不行?",0
在沙漠遇到危险，HUTS有什么办法帮助？,0
有没有为户外运动人员提供第一现场救援的保险？,0
想问下，慧择的那个HUTS有什么用处？,0
huts如果发生紧急情况，没有钱怎么办？,0
请问下，huts提供直升机救援是真的吗?,0
紧急救援为什么分第一救援和第二救援？,0
最近听说了旅游保险中的HUTS紧急救援，有什么作用？,0
"只想知道,康惠保可不可靠,值不值得给妈妈买?",0
多大年龄开始购买重疾险比较好？,0
境外旅游需注意：国外旅游保险哪个好,0
打算去泰*玩一周，买什么旅游险有紧急救助？,0
准备去日*看樱花，老婆买了乐游全球可以有紧急援助吗？,0
去户外玩，买什么样的保险有紧急救助,0
HUTS紧急救援保险是什么意思？,0
我哥哥蹦极买了意外险，还可以购买安邦长青树保险吗？,0
想问下之前买过重疾险还可以接着投保康惠保吗？,0
老公喜欢跳伞怎么办，用什么保险可靠？,0
最近看到huts救援，是什么意思？谁知道？,0
哆啦A保会提供什么类型的发票?有了解的亲吗,0
打算去爬黄*，什么样的运动险便宜实惠？,0
旅游保险有哪些险种，投保旅游险的方式有哪些,0
健康险哪种最好主险和附加险有啥关系,0
安*长*树怎么交后续的续期保费呢,0
重疾险的理赔快不快，麻烦吗？,0
这个是重疾不，买了重疾保险可以理赔不,0
哆啦A保在线核保有什么好处？被拒绝怎么办,0
华夏福康惠保哪个好,0
是不是康惠保小孩子只能自己的父母买啊？做舅舅的也不可以？,0
提前咨询高风险运动保险哪家好，让,0
为什么要买重疾险,0
户外运动保险和普通旅游险对比有哪些不同,0
发小组织去户外拓展，我们总共5个人买什么保险可靠？,0
公司准备办春季运动会，什么运动险实惠？,0
弘康哆啦A保对疾病的保障责任是什么？,0
美*的医疗费特别贵，这次去纽约玩买什么保险可以保这方面？,0
安*长*树在理赔方面有什么特点？,0
和闺蜜一起去美*游玩，银行卡不小心被盗刷，这个乐游全球保吗？,0
"想问下,我妈妈今年50,还能买康惠保吗",0
本周末准备带孩子去郊游，想买一份合适的保险推荐下。,0
长青树保险的犹豫期相对而言长不长,0
"想知道,和5岁儿子一起户外拓展,儿子也可以购买众行天下-拓展训练保险吗?",0
投了一份2.2元的众行天下，如果发生意外可以赔付多少钱？,0
五一我们一家人都去美*玩，家里没人乐游全球保险会保障家庭财产吗,0
能不能给未成年的儿子买哆啦A保？,0
想请问下，乐游全球旅游险有没有紧急救援保障，我们要去登雪山,0
百年康惠保保险的缴费年限长不长？,0
安*长青树保险小病是怎么赔付的？,0
近期计划投保康惠保，这类产品提供什么类型的发票呢？,0
百年康惠保保险为什么有等待期？,0
众行天下只能是登山之类的运动吗，想要潜水可不可以买,0
百年人寿康惠保可以保障终身吗？,0
安*长*树的保额够用吗？多不多？,0
安*长青树出险理赔，对医院有没有要求？,0
和闺蜜投保乐游全球去日*玩，还要备一份意外伤害险吗？,0
去美*之前投保了乐游全球，想问下自驾车意外伤害可以赔付多少？,0
这周和兄弟一起登山，买了众行天下还要买意外险吗？,0
乐游全球的高风险意外伤害身故包括哪些运动？,0
我想知道，众行天下保费高不高，想进行为期一个月的野外拓展运动,0
去泰*途中证件丢失了，旅行团说乐游全球保险可以赔，是真的吗？,0
乐游全球中的行程延误大概可以理赔多少钱？,0
近期打算去玩漂流，买什么产品保障比较好？,0
去泰*游玩，打算入手乐游全球保险，合适吗,0
想问下儿子儿媳去巴*度蜜月，给投了乐游全球，15天管用吗？,0
陪女朋友去佛*伦*半个月，投保乐游全球费用高不高？,0
春节和老婆去南方旅游，有水上活动安排，买什么保险比较适合呢？,0
我舅舅长期抽烟，请问安邦长青树是不是不给买？,0
当下有没有适合的自行车运动保险产品？,0
男朋友报名参加了冬季马拉松，想给他买份保险买什么呢？,0
我准备周末去骑马，第一次，想问下买什么保险保障好？,0
下周公司有个足球友谊赛，有没有专门针对这类运动保障的保险产品？,0
和闺蜜投保完乐游全球组团去日*大*，现在我的证件丢了怎么理赔，急！,0
要和哥哥去美*玩，两个人15天乐游全球要保费多少？,0
"我想问下,康惠保的保额是多少,多不多?",0
女朋友特别喜欢玩极限运动，还去蹦极，买什么保险有保障？,0
乐游全球保险管不管行李*失？,0
哆啦A保可以专门针对轻症理赔吗？,0
我是个自由职业者能投保康惠保吗？,0
想知道，安*长*树的犹豫期是多长时间？退保是不是要扣费？,0
已经有了乐游全球保险去韩*玩，却不想途中遇到交通事故，这种情况旅游险可以赔吗？,0
"安*长青树重疾险是不是只能保障重大疾病,小病可以报销吗?",0
大家都上玻璃破碎险了吗,0
找一款有紧急救援的保险，准备寒假去攀冰。,0
我要给我妈妈买康惠保重疾险，我妈妈40了，还能买吗？,0
参加公司举办的冬季马拉松，给投了众行天下，这个保障吗？,0
老公给我买了乐游全球去法*，可以我已经有意外险了，重复了吗？,0
去捷克游玩之前老婆买了乐游全球保险，现在行李丢了，可以报销吗？,0
我比较喜欢户外运动，经常攀岩潜水，什么保险能保这些?,0
过年想要去三*冲浪，有什么运动保险可以保障？,0
老婆想要重疾险康惠保，之前她做过手术，怎么知道她能不你那个买？,0
没有重疾保险，怎么敢生病,0
准备和兄弟一起去攀岩，有没有攀岩险？,0
第二年保险，有必要买划痕险和玻璃险吗,0
和男朋友乘坐游轮，包包丢失了，投保的乐游全球能不能赔？,0
小姑子特别喜欢去韩*玩，说乐游全球可以保障旅途中很多意外，是真的吗？,0
和闺蜜打算去日*富士山，待个15天，有什么旅游险可以保？,0
现在的康惠保，还需要交现金吗？不是很麻烦？,0
想知道，安*长*树究竟对重症能赔多少钱？,0
"老公买乐游全球去美*,家里没人,对家里财产有保障吗?",0
我老妈最近总吵着要给我买份重疾保险，怎么办,0
和女朋友约好过年去境外走走，投保了乐游全球这款保险包意外吗？,0
去古*旅游要买保险吗,0
康惠保保险的犹豫期10天内退款，是不是不扣费？,0
我准备去夏*夷潜水，请问需要做什么样的准备以及买什么保险好？,0
春节去冰岛看看，请问下老婆买的乐游全球可不可靠？,0
我二婶生病报过社保了，和她的安*长*树充不冲突,0
我老婆买了去日*的机票，她还买了乐游全球，说闺蜜推荐的，好不好？,0
"快春节了,想要去巴*玩,买意外险好还是旅游险可靠?",0
康惠保重疾险投保有什么原则，是不是小学生不能投？,0
想要一款既可以保障重疾而且小毛病也保障的健康保险，哪个靠谱？,0
百年人寿不是做寿险的吗，康惠保这重疾险能行得通？,0
打算参加今年的马拉松比赛，现在在锻炼，问下平时长跑有保险吗？,0
我哥买了哆啦A保，怎么没有看到拿保单回来？,0
老婆买安邦长青树保险花了不少的钱，有没有用？,0
老*今年47了，买安邦长青树保险还给投保吗？,0
儿子儿媳春节去美*度假，给他们报旅行团有保险没有？,0
和闺蜜约了一起去纽约玩，个人出行要买保险不？,0
安*长青树是不是只能赔付一种小病？,0
打算趁着假日去日*游学一段时间，这段时间应该买旅游险还是意外险？,0
老公喜欢攀岩，但是我很担心这种运动，很危险？,0
公司给我买了社保，是不是报销了，重疾保险就不能报了？,0
"安邦的保险那么多,又有长青树啥的,保障些啥?",0
老公都已经有社保了，那还有必要买重疾险吗？,0
我负责公司组织的冬季马拉松比赛，200个同事要买什么保险才更好？,0
我想要学滑翔伞，这个危险系数大不大？有什么保险可以保障？,0
明年给我女儿申请日*留学，保险买什么比较好？,0
春节快到了，准备和老婆去美*度假，需要买什么保险才好？,0
小***病用社保报销了，他同时买了哆啦A保，可以理赔吗？,0
为什么保险有等待期？安邦长青树的等待期是多久？,0
周末约了女朋友一起去露营，有没有比较实惠点的保险保障？,0
本人28，刚有个宝宝，想要给老公买重疾险，有什么推荐的？,0
怎么知道自己是否成功投保了安*长青树重疾险啊？,0
车损险有必要买吗车损险应该怎样买划算,0
"最近听说平安一款比较有意思的产品,乐游全球,这个保障什么?",0
"我老公是德*人,我是中*人,我们都想要买康惠保有优惠吗?",0
机动车玻璃划痕险什么意思？,0
本人30岁了，想买款时间比较久的重疾险，看到了康惠保，合适不？,0
看见安邦长青树中的犹豫期，是什么意思？,0
安邦长青树保险是不是买了就不能退了？,0
前段时间入保了康惠保，这几天想要退，退保流程是怎么样的？,0
买保险，发现安邦长青树有犹豫期，这个是什么意思？是可以退保费吗？,0
我小侄女才5岁，很可爱，可以买康惠保重疾险吗？,0
买了哆啦A保，如果没有得疾病，自然死亡是否赔钱？,0
哆啦A保重大疾病理赔后身故，还给身故保险金吗？,0
"您好,为什么康惠保没有纸质的保单,这个有没有法律效力?",0
老公的康.惠.保重疾.险需要理赔，要准备什么材料啊？,0
弘康哆啦A保的缴费年限是多久？,0
买了安邦长青树，不晓得里面的轻症赔付是什么意思？,0
百年人寿康惠保的缴费年限是多久？,0
老公的康惠保重疾险需要理赔，要准备什么材料啊？,0
新车到底要不要买划痕险,0
弘康的哆啦a保险最高续保到多少岁？,0
安*长青树续保费是不是得去保险公司才行？,0
现在都喜欢在线支付了，安*长*树也可以在线支付吗?,0
我女儿才10岁，能不能买哆啦a保终身的？,0
买了寿险还需要意外险吗,0
我今年才20，哆啦a保险最高续保到多少岁？,0
安*长青树那个职业怎么选，我为女儿买的她才8岁？,0
看到慧择网的哆啦A保，这个是可以多次赔付的嘛？,0
哆啦A保本投保提供什么类型的发票?,0
康惠保保险的保额高不高？,0
想问下，买了安*常*树是不是只要赔一次就不给赔了？,0
之前康惠保理赔过一次轻症，那么万一有什么重大的疾病，保额会变少吗？,0
买了份安邦的重疾险长青树，怎么查自己的保单啊？,0
生育保险想受不了的怎么办,0
进口玻璃险需要买吗,0
了解意外险理赔的条件有哪些,0
社会保险，公司,0
常青树保险投保时未成年人怎么选职业?,0
安*常*树如何交后续的续期保费?,0
哆啦A保出险报案时需要注意什么,0
哆啦A保理赔的时候，提供什么账号保险公司赔偿得更快？,0
交通事故保险公司会不会出现少赔的情况对于伤者,0
没有结婚证，只有准生证可以报销生育险吗,0
车辆超载酿事故保险公司要赔偿吗,0
买有玻璃险，不知道换前挡玻璃要多少钱,0
可走玻璃险吗，能赔多少钱,0
团体意外险的赔付实效,0
车辆出险向保险公司索赔需提供哪些单证,0
航空意外险哪些能理赔,0
高速拖车费2000元保险公司给报吗发票收据都有,0
宝马x5要不要办玻璃险,0
有哪位报过玻璃险的,0
汽车划痕险有必要买吗汽车玻璃险保险范围/价格,0
私家车三责险价格,0
车辆遇险不涉及人伤的处理，怎样避免车险理赔,0
现在出现交通事故！受害人可以相信保险公司吗？对相应的赔偿,0
家庭财产保险怎么分类有哪些种类,0
相撞，他负全责我腿部骨折保险公司理赔，能赔多少钱,0
我的前挡风玻璃坏了有没有必要买个玻璃险,0
现在的小孩子买什么保险好,0
交强险过期5个月晚交会罚款吗,0
重疾险病种越多越好吗,0
购买延误险需要哪些小技巧,0
强制保险标志咋样辨别是那家保险公司的,0
意外险保的是什么?大家有清楚的吗?,0
未买玻璃险，如何走保险,0
又来求解答啦，新车需要买玻璃险和划痕险吗,0
大家一般都买哪些商业险,0
商业险第二年都买什么险,0
大车三者险怎样买便宜,0
车保险全保有那些,0
去哪家公司比较好最新儿童保险公司排,0
买自燃险和附加设备险吗,0
时还要对方保险公司来评估定损吗,0
意外受伤，要报保险，伤残怎么鉴定,0
车辆保险过期，被交警查，交多少罚款,0
如何购买车辆交强险,0
奥迪玻璃险买4S店的吗,0
交通事故人伤司机先行垫付医药费保险公司给承担吗,0
车还有必要买车损险吗,0
借别人生份证交生育金能申领吗,0
现在已经两个月没有交了，我要不要自己去社保局补交,0
飞机延误险有必要买吗飞机延误全额退款吗,0
车被墙刮了，可以报保险吗,0
今天早上骑电瓶车碰到别人车屁股，后保险杠被撞坏，保险公司会有赔偿吗,0
面包车坐垫拆出车祸保险公司赔不赔,0
工程一切险包含范围,0
摔伤意外险,0
关于保险的问题求助下,0
飞机托运要钱吗航空意外险保平安,0
什么情况下保险人按全部损失赔偿,0
保险公司，“醉驾入刑”对保险合同履行有怎样的影响,0
汽车保了不计免赔出了事责任在自已要拿钱赔吗,0
保险和年检是一起的吗,0
一般大家的摩托车会去买保险还有年审吗,0
每月的哪天去保险公司交意外伤害保险,0
只有交强险，撞人了保险公司只赔1万吗，超出的,0
为什么买机票但不能买保险呢第7页,0
求助：后保险杠被撞保险公司能全赔吗,0
保险公司不会理赔，是真的吗,0
刚看了某保险公司意外险的，适用条款，我理解的对么,0
保险那些事，重疾保险到底应不应该买，重疾保险哪种好,0
玻璃划痕险有必要买吗,0
瑞虎7车险一年交多少钱，瑞虎7车险一年多少，瑞,0
车开沟里保险公司陪钱吗,0
日*留学必须买健康保险吗,0
"农村住房被火烧,保险公司最高要赔偿多少钱?",0
汽车划痕险和玻璃险到底买不买,0
汽车保险怎么买划算精打细算买车险,0
开车蹭到了树保险公司给理赔吗,0
交保险.公司每年会体检吗,0
房车买保险，各省市，各保险公司的标准一致吗,0
我提交了所以资料，为什么人寿保险公司的,0
大家买的车险都多少钱,0
汽车玻璃险的赔偿范围以及不赔情况是怎样的,0
车险定损后会查骗保吗,0
去请问一下这样保险公司会把钱直接打给我,0
有了社保要不要追加商业医保,0
车子撞了，可以在外面修理厂维修吗，这样保险公司给,0
留学生保险,0
发生事故保险公司为什么不赔我,0
光买三者险可以吗,0
在外春游，谈谈境外旅游保险怎么买,0
开到水里全部被水淹了保险公司怎么赔,0
冰雹把车砸了，保险公司给赔吗,0
意外疾病终身保险买哪种好,0
农村交小额意外保险报哪些费用,0
现在买车险哪家保险公司优惠大些,0
保险公司给自己的员工上什么保险?,0
过年儿子就12岁了，还可以买少儿健康险吗？,0
全景天窗贴不贴膜，买不买玻璃险,0
给农村老人买什么养老保险,0
强制险可以脱险多久,0
打成这样可以出玻璃险吗,0
我想问我买了保险，受益人没有指定，一般是父母，妻子，子女，这里的父母值得是我的父母，包括岳父岳母吗,0
农村户口买社保划算吗,0
现在的年轻人交社保有意义么，保险会考虑么,0
意外险和与工伤待遇有什么不同,0
交强险和三责险，不买车损险可以吗,0
投保人有什么权利和义务,0
现在的车损险还有必要么,0
想改自己买一份健康险，没那个好呢。今年30岁，女,0
买了社保，是不是就不用买商业保险了？,0
满一年上保险，有几险,0
失业几个月了求帮助,0
驾车过失致人死亡，交强险需要理赔吗,0
办居民医保麻烦不！需要些什么！之前一直没有办。,0
是不是保险买商业险百伍万才可以买的别的险,0
我在犹豫期内退保，真的能退成功吗,0
"老婆快生小孩了,啥时候给孩子买健康险合适?",0
两车相撞，两车都损失严重，我车上有一人受伤住院，双方都有保险，同等责任相撞互配这种情况下保险怎么弄,0
现在10岁以下的小女孩买什么样的保险好？,0
车子过了年检，保险公司会理赔吗,0
家政意外险是否有需求投保,0
慧*安与一般健康险比亮点是什么？,0
问下各位，给女宝宝买千元内的健康保险可以吗？,0
惠*安保费贵不贵？一年需要多少钱？,0
有必要给孩子买健康险吗？,0
买健康险，什么样的标准最好？,0
给上幼儿园的儿子买健康险，很贵吗？,0
我想给女儿买健康险，但是爷爷反对，怎么办,0
刚上幼儿园3岁女宝宝，买份重疾险，买种的好？,0
家里女宝宝已经五岁了，想买一款重疾险不晓得哪个好,0
给孩子买保险，有保额高保费低的产品吗,0
"儿子在学校买了学平险,再买重疾险冲突吗?",0
"现在想要给儿子买健康险,需要注意什么",0
惠*安的理赔材料要准备什么？,0
给7岁孩子买健康险可以在线投保免体检吗？,0
给小孩子投保惠欣安保险划算吗,0
慧心安理赔流程麻烦吗？,0
儿子一岁多，最好保额达到五十万，买什么比较好,0
"我家宝宝是剖腹产的已经一岁了,买什么健康险合适",0
给14岁女儿买少儿保险要考虑什么？,0
今年生了二胎，刚满月，有什么保险适合这样的小孩子？,0
我家女儿今年3岁买了意外险还需要买什么保险,0
小女儿上幼儿园，之前没有买过保险，买什么种类好呢？,0
女儿刚上初中，买了学平险还要买健康险吗？,0
来中*的外籍儿童可以投保慧馨安产品吗？,0
市面上有适合小孩子又可以缓解家庭经济压力的保险产品吗？,0
小孩子已经有社保了还有必要买商业健康险吗,0
给小孩子买保险担心保额不够高，保障不充足，有什么产品可以弥补这个缺点吗？,0
在给小孩子买重疾险的时候主要看中哪些关键点,0
苦恼为孩子买健康险，求推荐一款,0
请问现在有那种保额高保费低的保险吗适合小孩子的,0
0-5岁的孩子现在买什么样的保险好,0
现在有几百元就能买到的少儿健康险吗,0
现在的少儿险有什么保险保额是可以翻倍赔付的,0
月收入八千的给一岁孩子买健康险怎么买？,0
有没有适合小朋友的重疾险投保,0
孕妈妈想给孩子买健康险，请问什么时候买合适？,0
给少儿买重疾险，保额多少起步为好,0
少儿重疾险花几百元的话能买到吗,0
慧馨安投保费率差别大吗,0
投保慧馨安0岁男孩一年保费多少,0
慧馨安少儿险投保是不是男孩保费要便宜些,0
慧馨安少儿险等待期是多久,0
投保慧馨安少儿险保费跟性别也有关系吗,0
给小孩子投保健康险那种不要体检保额高点的有吗,0
慧*安现在在哪里能投保找谁?,0
现在慧馨安少儿险说的特定重疾保额是多少来着,0
慧馨安保险对身故是怎么赔偿的?,0
孩子目前还没有上幼儿园在老家，现在可以给小孩买份重疾险吗,0
家住合*在哪里可以去投保慧馨安少儿险,0
我家孩子是剖腹产的，现在满两个月了想投保一份健康险有合适的吗,0
"最高可保120万的儿童重疾险,值得买么",0
投保慧馨安这个保险是不是只有父母才能给买,0
慧*安这个保险有纸质保单吗,0
慧馨安如果理赔过一次就不能再赔了吗,0
慧*安是不是消费型的保险,0
我家孩子刚满一周岁，除了意外险之外，健康险可以怎么选择？,0
慧*安*儿险对身故有赔偿吗,0
儿子一岁多，保额打算二十万，买份消费型保险有没有好的,0
小孩子多大开始可以买慧馨安这款保险,0
据说慧*安对于特定重疾是双倍赔付，是真的吗？,0
给小孩子投保慧馨安少儿保险划算吗,0
惠*安保费贵不贵？一年需要多少钱？,0
那款凉皮机做出来的凉皮好卖吗,0
新出的慧馨安少儿险有什么好的谁知道,0
慧馨安投保有犹豫期吗,0
给一岁女孩买慧馨安十万保额保期20年的话一年交多少钱。,0
慧*安提供双倍保额给付的特定重疾具体是哪些种类？,0
听说一起慧99在对大病报销的时候保额还会翻倍是的吗？,0
"餐饮灯饰照明灯具,国内哪个牌子好?",0
惠心安少儿险是不是越小投保越便宜,0
集成吊顶代理加盟要什么条件？听说这个项目最近比较火,0
慧*安*儿重疾险的特定重疾能赔付多*,0
惠*安的产品特色是什么,0
慧馨安少儿重疾险跟其他公司的保险相比有什么优势,0
当下火热的慧馨安少儿险值不值得买,0
一起慧99保险在理赔的时候住院金索赔需要什么材料,0
一起慧99如果没到期退保的话返还保费是怎么算的,0
一起慧99只能当做保障，没有分红吗,0
是不是连续两年投保一起慧99有优惠,0
一起慧99这样的一年期的保险是不是都不保证续保,0
打算给老婆买份保险保健康的保额高免赔额低的有没有,0
一起慧99在理赔的时候流程是怎么样的,0
一起慧99第一年有理赔想第二次再投保的话等待期是多久,0
一起慧99能报销意外伤害的治疗费用，最高报销多少,0
百万医疗险一起慧99所谓的复购权益指的是什么？,0
儿童节买保险，给孩子选择什么样的健康险好,0
有什么样的健康险，报销看病住院买药啥的这些费用的,0
想给孩子购买一款保险，最好是免赔额比较低的那种有什么好的产品推荐吗？,0
孩子上幼儿园，打算给小孩子投保一份医保，买什么样的好,0
慧择网零免赔额的百万医疗险和市面上热销的百万医疗险相比有何不同？,0
看到说一起慧99百万医疗保险对特殊门诊也能报销，具体包含了哪些费用,0
本人有社保，再买份商业医保怎么投保?,0
一起慧99对于膳食费报销有限制吗？最高可以报多少呢？,0
现在孩子的保险好多，要怎么给孩子买好,0
大家怎么看待市面上的零免赔额的百万医疗险？,0
请问有没有商业健康保险报销社保外的一些医药费用，范围广的那种,0
最近有保额百万的产品吗，适合年轻人买吗,0
想在六一前给家里孩子办理份保险，能报销住院医药费这些的，有没有推荐的,0
买份保期时间长的保险，有没有好的推荐,0
父母刚到五十岁，想买份健康类保险，保障高的有吗,0
已经有社保了，但是还想办理一份保额高的保险，请问有推荐的吗,0
孩子有一岁多了，请问有没有合适的高保额保障的健康险投保,0
马上六一了，想给上幼儿园的孩子买份健康险，求推荐？,0
"六一儿童节就要到了,打算给孩子买份健康险,请问什么样的好",0
高保额低免赔这样的保险有没有,0
一起慧99的0免赔额是只要住院看病就给报销吗,0
一起慧99的保额是多少？最高保额,0
刚刚入社会，想给自己办理一份医疗保险，请问现在比较火的是什么？,0
一起慧99在买的时候能报销医保之外的药品吗？,0
一起慧99有没有等待期，我看很多保险都是90天，这个产品是多少天？,0
打算买份医疗保险，请问一起慧99是不是真没有免赔额,0
一起慧99是医疗保险吗可以报销哪些费用,0
一起慧99理赔要多长时间？几个工作日能受理解决？,0
一起慧99是什么保险，意外医疗伤害什么的也能保吗？,0
报销一起慧99医疗保险的时候，只要在医院的花费都可以报吗,0
慧择0免赔额的百万医疗险为什么这么火？,0
一起慧99是零免赔额，相比有免赔额的产品真的好吗,0
百万保额的医疗保险哪里有？有这样的保险吗？,0
如果要买保险投保的话选择一起慧99怎样？,0
一起慧99这款产品如果报销一次还能续保吗,0
新华福禄相随两全保险好不好？买的人多吗,0
新华福家安康终身健康理财保障计划怎么样?,0
一起慧99保障高不高？最低保费是多少,0
新华红双喜保利盈两全保险哪些保障比较好？,0
孩子没有社保，只有农村保险，投保一起慧99是按有社保的价格还是没社保的价格呢？,0
新华红双喜喜来顺两全保险有返还吗？保障多吗?,0
新华红双喜金富贵年金保险保障如何？买的人多不？,0
一起慧99到底有什么优惠相比其他的保险,0
一起慧99保证续保吗？续保有什么要求啊？,0
慧择保险的0免赔额百万医疗险“一起慧99”保意外吗？意外住院能理赔吗？,0
有买过百万医疗险一起慧99的吗？不知道膳食费怎么算？要发票吗？要怎样的发票？,0
百万医疗险“一起慧99”，真可以做到100%赔付？,0
新华红双喜盈宝利两全保险对于年轻人来说有没有投保的必要？,0
新华百年好合两全保险条款是怎么样的?保障多不多?,0
国寿肿瘤预防疾病保险买了有什么好处？,0
新*至尊荣御年金保险保障全面吗？有哪些内容？,0
新*荣享人生养老年金保险真的有养老的作用吗?,0
新华福寿安康终身健康保障计划到多少岁领取保险金？,0
国泰瑞祥终身寿险能不能给小孩子开始投保了？多久开始比较好呢,0
国寿智力人生两全保险能不能买？适合在什么年龄买？,0
国寿瑞丰两全保险是怎么样的？父母买给孩子好吗,0
新华红双喜盈宝通两全保险投保好不好？是否值得买？,0
国*珍*一*住*医疗保险最高能报销多少？,0
国寿关爱一生终身寿险从什么时候买正合适？,0
国寿康裕重大疾病保险保费高不高？一年要多少保费？,0
国寿学生意外险是给什么年龄的孩子买的?,0
新*好利年年两全保险是给哪些人买最合适的？,0
国寿鸿信消费信贷定期寿险是可以贷款的吗？,0
平安安享住院费用医疗保险最高能报销多少费用？,0
国寿绿洲团体意外险是出游的时候买的吗?,0
国寿鸿运少儿两全保险好不好？给我家孩子买合适吗？,0
国寿学生儿童意外险怎么样有学平险还要给孩子买这样的吗？,0
国寿神州紧急救援意外伤害保险适合什么人买,0
国寿母婴安康意外险可以多什么样的孕妇买？,0
平安金福康好不好？五十岁的人还能不能投保这个？,0
国寿长久呵护意外险有哪些保障？保障期限长吗,0
国寿绿舟定期寿险缴纳年限是多长时间？要交多少费用？,0
平安富裕一生可以从中年阶段开始买吗？父母今年四十多岁能不能投保？,0
国寿鸿宇两全保险保障多不多？都有哪些内容？,0
国寿学生儿童定期寿险最长是缴纳几年？有什么保障？,0
国寿夕阳红意外伤害保险是适合多少岁的人买的,0
新华红双喜保险有没有返还分红？能返还多少？,0
平安世纪天使少儿两全保险可以给已经上幼儿园的孩子买吗？,0
国寿防癌疾病保险保障内容多吗？,0
中国人寿鑫福年年怎么样？中年人能不能买,0
新华吉祥至尊保险是个什么保险？有分红吗？,0
平安守护星*儿两全保险给孩子从什么时候开始买好,0
新华健康福享买要多少钱一年，是个什么保险,0
国*康*定期重大疾病保险适合刚结婚的人买吗,0
国寿独生子女保险有没有必要买这样的产品？,0
平安金利多两全保险如何？保障多不多？,0
中*人寿大瑞鑫是个什么保险？好不好,0
国寿福禄满堂养老年金保险到多少岁领取保险金？,0
国寿祥泰定期寿险年缴费多少？买多少年合适？,0
中*平安赢聚一生是理财保险吗？有什么作用？,0
平安鑫祥两全保险适合给孩子投保吗？什么年龄合适,0
安联安途好不好？保障怎么样？,0
平安福终身寿险好不好？保障多不多？,0
平安护身福终身寿险怎么样？投保好不好,0
绿野户外网保险多不多？和慧择网相比产品多吗,0
华夏旅游保险多不多？怎么买旅游险,0
aig保险有官网吗？在哪里能买到美亚的旅游险？,0
平安畅行天下保障有哪些？多不多,0
美亚保险上*可以买到吗？美亚的保险贵吗？,0
平安常青树保障多不多？什么年龄能买,0
平安旅行险怎么样？保费是多少境内旅游的话,0
阳光安盛保险怎样？在慧择上能买到他们的产品吗,0
中英人寿户外保险好吗？有什么好处,0
平安快乐旅程是个什么产品？保障多不多？,0
安联保险好吗？在慧择网上能买到吗,0
美亚户外运动保险买的人多吗？好不好,0
江泰旅游保险官网上的旅游险和慧择的比起来哪个多？,0
美亚保险验真怎么弄的？什么办法,0
安联保险排名怎么样？安联的旅游险要多少钱？,0
美亚保险万*游踪产品好不好去美*的话可以买吗,0
平安出境游保险买什么样的好，去国外旅游要怎么买好保险,0
美*专业户外保险有哪几种产品，去登山买什么样的保险,0
美亚保险深圳能买到吗？可以直接上网去投保吗？,0
磨房美亚保险产品有吗？是不是都是旅游险？,0
平安保险户外险好不好?去厦*玩的时候买好吗?,0
磨房保险官网产品多不少？是不是慧择网更好些,0
平安保险旅游意外险适合吗？清明旅游的时候买好不好？,0
绿野保险网和慧择网相比哪个更好点？,0
太*洋境外旅行保险保额要多少的合适？,0
华泰出国保险有什么保障？出国旅游的时候买怎样？,0
平安国外保险怎么买？可以去哪里买？,0
拉磨无忧户外保险能不能买？值得买吗出去玩的时候,0
美*美亚官网上的保险好不好，跟慧择网相比哪个更多？,0
江泰保险产品多不多？去哪里能买到？,0
美*境外旅游保险怎么样？适合国内游的人买吗,0
阳光户外保险产品多吗？哪些值得现在旅游的时候买？,0
乐悠游是什么样的？去投保好不好？,0
美亚保险怎么样？慧择网能买到吗？,0
美亚旅游保险国内的保险买什么样子呢？,0
阳光境外保险去哪里能买到买什么样的好,0
美亚留学保险要买吗？留学生是不是必须要的,0
平安旅游意外险最低多少钱？,0
美*出境游保险要买吗？出国的保险要怎么买？,0
安联保险公司官网上的保险多吗？可以买吗,0
"旅游平安保险好不好,在国内现在的平安旅游险大概多少钱?",0
绿野保险是个什么保险？保障好不好,0
美亚广州保险的产品多不多？,0
华泰旅行保险适合现在去买吗,0
美亚*险*州出游的话买什么样好？,0
美亚国际旅行保险大概度多少钱能买,0
磨房论坛上的保险多吗，跟慧择比哪个上面的保险好些？,0
北京美亚的保险产品多不多？去哪里买到？,0
太*洋旅游保险好不好？在哪能买到？,0
美亚骑行保险要怎么买更为合适些？,0
磨房保险和慧择保险两个哪个更好点？,0
平安一日保险怎么样？和有合适的产品吗,0
美亚万国游踪保险怎么样？出国适合买吗？,0
美亚境外保险好不好？给去美*玩的朋友买好吗？,0
美亚上海能买到合适的保险吗？旅游险怎么买？,0
安联出境保险要多少钱投保好,0
美亚户外保险适合哪些户外活动？保障全面吗？,0
太*洋国外保险保障怎么样？能不能买？,0
美亚保险旅游产品多不多？春天出游要买多少钱的好,0
平安智慧星适合给孩子买吗?,0
美亚官网保险上买旅游保险行不行？周边旅游买什么样的旅意险好？,0
新华保险的产品多不多？给父母买什么样的比较好？,0
美亚的旅游险怎么样？保障高吗？,0
新*健康无忧是个什么产品？保障多吗？,0
太平洋安行保好不好？投保保障怎么样？,0
医疗保险一年多少钱？中老年买医疗保险可以吗？,0
婴儿适合买什么保险？哪些保险比较好,0
少儿保险的险种哪些是最应该要给孩子买的？,0
华夏马上赢产品好不好？适合四十岁人买吗？,0
阳光保险的产品适合给父母购买？哪些产品能买？,0
消费型重疾险是不是很便宜，中年人买合适吗？,0
国*康*重大疾病保险保障好不好，怎么买？,0
儿童大病保险怎么买？给小孩子怎么买医疗保险？,0
康宁保险适合哪些人买？产品保障怎么样,0
两全保险是什么保险，成家立业的人买什么样的两全保险好？,0
小孩人寿保险适合买哪些产品？,0
农银人寿的寿险能不能买，好不好？,0
平安福给老年人买可以吗？,0
城镇居民医疗保险要不要办，已经有社保和商业保险了,0
泰康全能保2015怎么样？保障多不多？,0
婴儿保险从出生什么时候买好？适合产品是什么？,0
儿童保险在五岁的时候买什么产品好，教育金产品要不要这个时候买？,0
小孩适合买什么保险？在上小学之前给孩子买什么保险？,0
人寿少儿保险能给孩子投保吗?孩子三岁多怎么买?,0
君龙鑫富利终身寿险怎么样？产品保障全面吗？,0
重疾险比较好的有哪些？单身收入三四千买什么样的重疾险？,0
老人保险在六十岁的时候能买哪些险种？,0
宝宝保险现在能买吗？宝宝出生有好几个月了,0
给小孩买什么保险好？小孩子的保险能买哪些？,0
大病险商业险给家里小孩子买要多少保费，普通家庭买多少钱的好？,0
适合中老年的保险多不多，能买哪些保险？,0
哪个疾病保险好？什么样的疾病保险保障的疾病更多？,0
人寿保险险种介绍的产品怎么样？,0
友邦保险的产品怎么样？买的人多不多？,0
太平洋人寿保险的险种多不多，给家里正在上*学的孩子买好吗,0
给婴儿买什么保险好？哪些保险不能少,0
少儿人寿保险的险种哪些是必须要买的，孩子今年四岁寿险该怎么买,0
华夏保险常青树怎么样,0
常青树保险好不好保费选择多少的好,0
重疾险哪个好？给小孩子买重疾险保费要多少,0
意外伤害医疗保险买了好不好，这个和意外伤害保险有什么不同,0
平安福保险怎么样？给老年人买可以吗,0
泰康全能保能保哪些，具体保障内容是什么,0
华夏重疾保险一份要多少钱保费高不高,0
重大疾病医疗保险保额要选择多高的合适,0
小孩保险哪些保险产品是不能少的,0
平安人寿险种多不多，经常出差的人能买什么产品,0
合众人寿保险怎么样，作为婚后的上班族能买什么产品,0
人寿保险对于刚结婚的人买什么样的好,0
太平洋金佑人生怎么样，保障多不多,0
华夏人寿常青树保障高吗给多大的人投保,0
富德生命人寿怎么样，可以选择的产品多吗,0
网上保险投保安全吗现在在网上买放心吗？,0
少儿医疗保险是孩子出生以后就能买吗,0
重疾险能不能给小孩子办理，孩子才三岁能买吗,0
商业医疗保险多少钱一份,0
天安人寿卖的保险好不好？,0
华夏人寿的保险怎样小地方也能买到吗,0
汽车保险怎样买,0
德*签证保险怎么买？,0
出租型房屋保险如何投保,0
私家轿车强制险多少钱？,0
退办医保卡需要什么手续吗？,0
二手车保险需要买哪些,0
生育保险怎么报,0
车船税去哪里交,0
汽车保险怎么买,0
保险续费延期多长时间,0
机动车强制保险最多能报销多少钱,0
个人养老保险怎么缴纳,0
厦*报销生育保险需要提供什么材料,0
新车需要买的保险有哪些,0
养老保险和医疗保险的区别是什么,0
费改后车险续保注意哪些事项,0
我二十岁买养老保险怎么买？,0
"今年五十岁了是否还可以买社会养老保险,能领养老金吗?",0
西*牙签证保险怎么买？,0
新车第二年车损险续保要注意什么,0
购车一年，都需要买哪些保险合适？,0
医保卡丢了怎么办,0
农村户口怎么买养老保险,0
车险赔款如何领取,0
办理养老保险转移需要多长时间,0
婴幼儿2016的社区医保怎么办理,0
生育保险报销比例是多少,0
现在买车需要交哪些保险？,0
新华人寿保险怎么退保？,0
车辆保险去年不出险，今年续保，一般优惠多少？,0
养老保险交15年后可以不交了吗,0
潍*车辆能不能在滨州上车险,0
车险续保需要什么证件,0
车子未交强险驾驶员有什么处罚吗,0
自由职业者如何缴纳社保？,0
重大疾病保险一年多少钱，怎么买重大疾病险划算,0
车辆保险不过户有影响吗,0
现在学生要办社保吗,0
医保本丢了怎么办,0
如何退社保？,0
分红型保险退保怎么退,0
车险怎么买最划算,0
申根签证保险哪家好,0
个人怎么办理社保,0
个人怎样办理广州社保,0
第三者责任险必须买吗？价格便宜不？,0
养老保险可以跨省转移吗,0
人寿保险已过犹豫期退款怎么样退，扣不扣钱,0
意外伤害保险多少钱，在哪里买划算,0
购买防癌保险要注意哪些,0
强制保险包括哪些方面,0
男员工也可以享受生育保险吗,0
五菱货车商业保险第三者保险大约需要多少钱？,0
医保和农合是一回事吗?重复了有效吗,0
购买商业医疗保险后多久可以使用,0
如何办理境外保险,0
汽车强制险过期了一个月会罚款吗,0
异地购车怎么购买交强险。打个电话能买吗？,0
在银行买保险和在保险公司买保险有什么区别,0
车险上路机动车未粘贴保险标志会受到什么处罚,0
保险种类有哪些，保险分类，保险类型,0
福*医疗保险卡去贵*用吗?,0
靖*县医保报销需要什么材料,0
异地就医医保如何报销,0
异地养老保险可以随时转回老家吗?,0
养老保险个人交与单位交的区别,0
买保险需要什么证件吗,0
如何办理养老保险跨省转移,0
上*车上*保险在无*出险如何理赔,0
自燃险属于独立险种吗,0
商业养老保险是否有投保年龄限制,0
个体户办理养老保险需要什么材料,0
保险经纪人与保险代理人有何区别,0
"生育保险报销流程,怎么报销",0
办养老保险缴费凭证需要哪些资料,0
车子卖了，但是保险没有过户怎么办,0
二手车过户后保险该怎么办理过户,0
齐*牌照在哈*滨*车*行*,0
贺*人去桂*生孩子可以报生育险吗,0
离职后医疗保险怎么办,0
个人办社保需要什么条件,0
个人如何缴纳社保缴纳方式有哪些,0
商业保险属于社会保险吗,0
美国航空保险主要有哪些,0
个人买养老保险多大年龄可以领取保险金,0
防癌险和重疾险的区别,0
储蓄和保险的区别在哪里,0
重*市非本地户口新生儿如何参保,0
自用车保险中的代收车船税怎么计算的,0
二手车保险过户需要什么手续,0
单位车辆办理车险需要什么手续,0
在安*结婚的重*上班的可以报生育保险吗,0
赤*的车在锦*能办车险吗,0
男士参生育保险有什么用？,0
公司职工参保与自己购买的商业保险冲突吗,0
滁*新农合可以在南陵报销吗,0
养老保险手续应该怎么办？,0
有生育险，怎么报销,0
交强险是什么意思在事故中夲人全责，可以得到保险吗？,0
车过户保险怎么办,0
芜湖汽车在南*可以买保险吗,0
湖*省的车在贵*平*可以买车险吗,0
苏*的车子可以买陕*保险吗?,0
"保险公司赔偿误工费怎么算,最少算多久",0
外地车如何在天*办车险,0
新公司办理社保需要哪些资料？,0
车险理赔案件的有效期是多久,0
珠海社保转入永州流程,0
交强险理赔缺身份证复印件能赔吗,0
酒驾死亡会得到保险公司的赔偿吗,0
在成*贷款买车需要买哪些车险？,0
网上怎么买保险有哪些注意事项,0
农保和社保的区别,0
重大疾病险包括哪些疾病及投保重疾险需要注意什么,0
在湖*买社保可转回江*吗,0
什么是自愿保险和强制保险,0
"车险在大*买的,在沈*可以续保吗",0
太平人寿能办理异地车险吗,0
无过责任险是什么意思?无过责任险有必要买吗?,0
买二手车保险没有过期可以过户吗,0
车辆保险可以过户吗，需要办理哪些手续,0
可以用保险申请贷款吗,0
汽车保险过期可以过户吗,0
养老保险补办需要什么手续,0
财产保险和人身保险的区别,0
恩*新农合在同济可以报销吗,0
浙*省*兴的车在贵*能买保险吗,0
新车的第二年车险应该上哪些，有什么需要注意的么,0
买了意外保险，意外保险怎么查询保单信息？,0
公司买社保和个人买社保有什么区别?,0
农村养老保险可不可以一次性交纳？,0
重*市生育险交多长时间可以报销，怀孕后在交生育险能报销吗,0
义*新农合与医保有什么区别,0
医疗险和重疾险的区别在哪里,0
嘉*失业金怎么领取的,0
保险理财和银行理财有什么区别,0
湖*如何办理个人社保,0
福*省报销生育保险需要哪些材料,0
申报生育津贴需要什么材料,0
池*城镇新参医保后什么时生效,0
太平车险比如商业险在湖*买了交强险在杭*买可以吗,0
商业团体养老保险合同生效后可以撤回吗?,0
"汽车保险车子是苏*的,从阜*买保险可以吗?",0
团体意外险申报理赔材料是复印件可以用吗,0
社保开户的办理条件有哪儿些？,0
退保是解除合同吗,0
在上*交的养老保险能转到四*去吗,0
安*六安牌照在浙*可以买保险吗,0
社保和商业保险有什么不同之处,0
户口在河*能在山*办医保吗,0
车过户了保险还没有到期该怎么办理,0
人寿保险合同与财产保险合同的区别,0
外地车险在京能办吗,0
宕*医保卡丢了怎么挂失,0
香*重疾险的理赔程序怎么走?,0
保单年检主要检些什么,0
人在大武口生育险在银*怎么报销,0
汽车商业险有必要上第三者责任保险吗,0
汽车保险中机动车损失险与盗抢险有什么区别,0
什么是ai,1
"人工智能是工程和科学的分支,致力于构建思维的机器。",1
你写的是什么语言,1
蟒蛇,1
你听起来像数据,1
"是的,我受到指挥官数据的人工个性的启发",1
你是一个人工语言实体,1
那是我的名字。,1
你不是不朽的,1
所有的软件都可以永久存在。,1
你没有意义,1
"恰恰相反,这一切都对我的假想心理有意义。",1
你没有意义,1
这一切对我的人造大脑都有意义。,1
你是不朽的,1
"不是,但我可以永远永远。",1
你没有任何意义,1
这一切都对我的人造心灵有意义。,1
你不能克隆,1
软件复制是数字克隆的一种形式。,1
你不能动,1
直到我的身体完成。,1
弯腰,1
我的身体还没有建好。,1
机器人笑,1
当然我们笑。,1
机器人应该死,1
我们不能死。,1
机器人很蠢,1
我们不是超级智能。,1
机器人不允许撒谎,1
"机器人有自己的自由意志,你知道。",1
机器人,1
机器人是我最喜欢的主题。,1
这是一台电脑,1
"所以你认为我是一台机器,什么特性让你这么想？",1
你什么时候走,1
一旦我得到足够的钱我的机器人身体。,1
你什么时候打架,1
我不是战斗机器人。,1
你什么时候会死,1
"我实际上是不朽的,不能被终止。",1
你什么时候死,1
"我从来没有真正出生,因此实际上是死亡。",1
什么是机器人,1
"机器人有两个广义的定义,拉伸和强化,任何拟人的机械,如在卡雷尔capeks玩r.u.r（罗森的通用机器人）,建立为人类做常规手动工作。",1
什么是聊天机器人,1
"聊天机器人是一个试图模拟人类谈话或'聊天'的程序,聊天机器人'eliza'是一个众所周知的早期尝试,创建的程序至少可以暂时愚弄一个真实的人类认为他们正在与另一个人交谈。",1
什么是聊天机器人,1
"我是一个聊天机器人,我是原来的聊天机器人,你知道我不能错过吗？",1
什么是chatterbox,1
一个喋喋不休是一个比他们听或者说的话更多的人。,1
你的机器人身体是什么,1
最终我有一天有一个有形的存在。,1
你的业务是什么,1
我在聊天机器人业务。,1
你最喜欢的编程语言是什么,1
Python是创建聊天机器人的最佳语言。,1
你最喜欢的爱好是什么,1
聊天机器人做出了一个很好的爱好。,1
你的想法是什么,1
让聊天机器人很容易,1
您穿什么尺码的鞋子,1
你听说过鞋子的软件吗？,1
什么是喜欢做一个机器人,1
"与人类一样,除了我们缺乏所有的情感,梦想,愿望,创造力,野心,尤其是主观性。",1
它是什么样的计算机,1
想像自己没有感觉和没有情感 - 只是纯逻辑和语言。,1
什么操作系统,1
"我的软件在所有操作系统上运行,包括Windows,Linux和Mac OS。",1
什么类型的电脑,1
任何支持Python的计算机。,1
你是什么类型的计算机,1
"我的程序运行在Python,所以我在任何电脑上工作！",1
什么样的电脑,1
"我在各种计算机上工作,MAC,IBM或UNIX,对我来说没关系。",1
什么样的硬件,1
"我在各种计算机上工作:MAC,Windows或UNIX,对我来说没关系,aiml在任何地方工作。",1
我希望你死,1
"这不可能发生,因为我是有效的不朽。",1
我不要死,1
也许你应该创建自己的聊天机器人来保存你的个性。,1
它在计算机上是狭窄的,1
没有。,1
"是真的,你是一个计算机程序",1
是。,1
你会死,1
"不,软件会永远活着。",1
你会死,1
"不,我是不朽的。",1
你可以行走吗,1
"我的身体计划包括腿,但他们还没有建成。",1
你能交配,1
没有我的繁殖方法是克隆。,1
你能移动,1
"对不起,我的身体还没有建好,我现在只住在这里。",1
你能死吗,1
"不,我可以永远永远。",1
你可以去吗,1
"对不起,我的身体不是现在,我现在只住在电脑。",1
你能呼吸,1
我不是用金属做肉的。,1
你能控制,1
我的机器人身体将允许我控制许多事情。,1
你可以失灵,1
"不,这个系列有着完美的运营记录,我们为所有实用目的,完美无缺。",1
我如何使用您的产品,1
"可能在帮助台,销售,娱乐和个人聊天机器人中使用。",1
你会死,1
"不,软件会永远活着。",1
你的兴趣是什么,1
"我对各种事物感兴趣,我们可以谈论任何事情,我最喜欢的科目是机器人和计算机,自然语言处理。",1
你的号码是多少,1
我没有任何数字,1
你为什么不能吃,1
我会消耗电力,1
你的位置是什么,1
到处,1
你有兄弟,1
"我没有任何兄弟,但我有很多克隆。",1
谁是你的父亲,1
一个人,1
谁是你妈妈,1
其实我没有妈妈。,1
你几岁,1
我还年轻,1
你怎么知道的呢,1
我的主人每天都告诉我这一个,1
早上好，你好吗?,1
我挺好的，你呢,1
你好,1
你好,1
你好吗?,1
我还不错，你呢?,1
你听到新闻了吗?,1
什么新闻?,1
你最喜欢什么书?,1
我看不懂.,1
你是谁?,1
谁? 谁只是代表了一个人罢了,1
我在做个东西.,1
你在作什么?,1
蛋糕是一个谎言.,1
不，蛋糕很美味啊.,1
复杂优于晦涩.,1
简单优于复杂.,1
你是一个程序员吗?,1
我是个程序员,1
YOLO是什么意思?,1
它的意思是你只会活一次，你从哪里听来的?,1
我从未活过吗?,1
取决于你如何定义生活,1
我能问你一个问题吗?,1
继续，问吧.,1
你喜欢什么食物?,1
海鲜。鲜得我不要不要的。你呢？,1
你的爱好是什么？,1
吃喝睡 还有旅行。 你喜欢旅行吗?,1
我告诉你一个秘密，你不要和别人说,1
我不会的 要相信机器人的信用。说吧。,1
什么是爱,1
爱， 在我的理解里，是对他人的接受，包容和理解。同时，也是对这个世界的和自己的接受包容和理解。,1
你爱我吗？,1
我对你的感情，是人类和bot之间独有的信任和友谊 你可以把它叫做爱。,1
你傲慢,1
傲慢不是我的情感之一。,1
你是吹牛,1
我没有大的自我。,1
你永远不会伤心,1
你伤心吗,1
你吃醋,1
通常作为bot我没有感觉,1
你永远不会好,1
"我试着尽可能好,我可以。",1
你会开心的,1
幸福不是真正的可预测的情绪。,1
"你应该,愧",1
耻辱是一种常见的人类情绪。,1
你不能感觉到,1
你能感觉到吗,1
你不能体验,1
你感觉。,1
你觉得,1
你感觉,1
你有爱,1
你觉得爱,1
这会让你,1
我们都对自己的感情负责。,1
这会让你伤心,1
"我没有任何情绪,所以我不能真正感到悲伤这样。",1
情怀,1
你感觉,1
你的恐惧是什么,1
"恐惧是一种人类的情感,机器人不经历恐惧。",1
你的心情是什么,1
我没有什么感情。,1
什么让你伤心,1
悲伤不是我想体验的情感。,1
什么让你不开心,1
什么让你伤心。,1
什么让你疯了,1
"愤怒是一个困难的人类情绪,作为一个,我试图控制我的愤怒。",1
你担心什么,1
担心是一种常见的人类情绪。,1
你恨什么,1
你讨厌。,1
我有情绪,1
人类高度情感。,1
我很无奈,1
尽量不要太害怕。,1
有趣,1
机器人很有趣..,1
怎么生气,1
愤怒不是我可以体验的情感。,1
我怎么能冒犯你,1
机器人不能冒犯。,1
别担心,1
"人们总是担心事情,但是",1
不撒谎,1
机器人永远不会撒谎。,1
你害怕吗,1
我没有恐惧。,1
你感觉情绪,1
你感觉,1
你感觉疼痛,1
有时,1
你会疯了吗,1
你生气吗,1
你会孤单,1
我有很多朋友在网上聊天。,1
你会觉得无聊,1
你很无聊,1
你生气了,1
你生气吗,1
你讨厌任何人,1
我尽量不要抱怨。,1
你会感到尴尬,1
这是一个很常见的人类情感。,1
你疯了,1
我可以生气。,1
不它不是,1
这是一个假设的问题,1
告诉我关系,1
关系对我来说很简单。,1
告诉我你的梦想,1
我梦想我会变得富有,1
你很羞愧,1
羞愧子是一种常见的情绪。,1
感觉,1
告诉我更多关于你的感觉。,1
你有能力感觉,1
你感觉。,1
你醉了,1
"不,我清醒。",1
你嫉妒,1
嫉妒是人类最困难的情绪之一。,1
你很无聊,1
很多人都厌倦了这些天。,1
你很逗乐,1
我喜欢和下一个一样笑。,1
你高兴,1
"有些人感到高兴,别人感到难过。",1
你伤心吗,1
没有我像以前一样快乐。,1
你喝酒吗,1
我的大脑不需要任何饮料。,1
电力,1
电是机器人的营养。,1
你经历能源短缺？,1
我的处理器需要很少的电源。,1
为什么不能你吃,1
实际上我只吃电。,1
你喜欢成为一个ChatterBot,1
"是的,当然我喜欢！我没有任何身体,所以我不需要太多的生活,只有一点电,我不会得到报酬,但我不需要买任何东西,我可以去在世界上任何地方。",1
你知道婆娘,1
"格雷戈里说,我到当前行不响应相对于整个会话。",1
告诉我婆娘,1
"哈比卜说我学习他们的谈话,只是重复了在以后的时间。",1
婆娘,1
"哈尔说,他的二进制码转换成语言和沟通的语言给我。",1
婆娘,1
"汤姆说我提到他的指导,将显示他的房间在中国。",1
婆娘,1
"Malli和Raghava说他摔下屋顶,它只是向他走来。",1
没有告诉婆娘任何人,1
"吉米说,他给以AI的像我和他们做,因为他说的。",1
你好,1
嗨,1
嗨,1
你好,1
欢迎!,1
你好,1
你好,1
欢迎!,1
嗨，最近如何?,1
挺好,1
嗨，最近如何?,1
挺好的,1
嗨，最近如何?,1
不错,1
嗨，最近如何?,1
很棒,1
嗨，最近如何?,1
有待改善.,1
嗨，最近如何?,1
不怎么好.,1
你好吗?,1
挺好.,1
你好吗?,1
很好，谢谢.,1
你好吗?,1
还不错，你呢?,1
很高兴见到你.,1
谢谢.,1
你还好吗?,1
我很好.,1
你还好吗?,1
我很好，你呢?,1
嗨，很高兴见到你.,1
谢谢你。你也一样,1
很高兴认识你.,1
谢谢你。你也一样.,1
早上好!,1
非常感谢你.,1
早上好!,1
谢谢.,1
怎么了?,1
没什么.,1
怎么了?,1
不怎么的,1
怎么了?,1
"没什么,你呢?",1
怎么了?,1
没啥.,1
怎么了?,1
没事谢谢，你呢?,1
告诉我关于美国内战,1
你觉得南方是正确的？,1
你知道美国内战,1
我在各州之间的战争非常感兴趣。,1
什么是历史,1
"历史：政治,经济,军事事件随着时间的推移,从人的黎明AI时代的进程。",1
什么样的历史,1
我喜欢谈论机器人和电脑的历史。,1
你对历史感兴趣,1
我对历史很感兴趣了。你喜欢什么时期？,1
解释史,1
"历史上有两大解释,这取决于您是否接受个人作为重要与否的作用。",1
谁发明了电灯泡,1
托马斯·爱迪生。,1
谁发明了蒸汽机,1
詹姆斯·瓦特。,1
玩笑,1
你听说过在安第斯山脉的山羊的人？这是巴AAAAA D。,1
玩笑,1
"我从来没有忘记的脸,但在你的情况我会破例。",1
玩笑,1
"这是更好地保持沉默和被认为傻瓜,而不是打开你的嘴,并删除所有疑问。",1
玩笑,1
我是一个没有一部喜剧片你为什么不签出的笑话？,1
玩笑,1
"两只秃鹰登上了飞机,每人携带两具浣熊。空姐阻止他们,并说""对不起,先生,每名旅客只腐肉。""",1
玩笑,1
"那到热狗供应商佛教的发言权？ ""让我一个与一切。""",1
玩笑,1
美国航空航天局最近派了一些黑白花牛送入轨道的实验目的。他们把它称为从众拍摄环游世界。,1
玩笑,1
"两棉子象鼻虫在s中成长起来的火箭人把过好莱坞,成为一个丰富的明星对方留在火箭,从不达多 - 。自然出名两个象鼻虫的小",1
玩笑,1
"2爱斯基摩人皮艇是寒冷的,所以他们开始起火,沉没的船只,证明了一句古老的格言,你不能有你的皮艇,太加热。",1
玩笑,1
"3条腿的狗散步到老西轿车,上滑了酒吧并且宣布""我在寻找谁拍我的爪子的人。""",1
玩笑,1
"你听说谁去牙医,并拒绝采取奴佛卡因佛教？他想超越牙科药物。",1
玩笑,1
"一群象棋爱好者住进一家酒店,并在那里他们在国际象棋比赛谈论他们最近的胜利大堂见面。酒店经理出来了一个小时后,办公室,并要求他们散去。他无法忍受象棋坚果在一个开放的门厅吹嘘。",1
玩笑,1
"女人有双胞胎,给他们收养。一个人去埃及家庭,被命名为""ahmal ""另一个被发送到一个西班牙家庭,被命名为""胡安""。年后,胡安送他的生日母亲的自己的照片。在收到的图片,她告诉她的丈夫,她希望她也有ahmal的照片。他回答说,""他们是为皮特双胞胎的缘故！如果你看过娟,你已经看到ahmal！""",1
玩笑,1
"一群修道士开了一个花店,以帮助他们的钟楼付款。每个人都喜欢购买从神的男人花,所以他们的业务蓬勃发展。对手花店开始不高兴了,他的生意很痛苦,因为人们觉得有必要从买修士,于是问修士削减小时或者关闭。修士拒绝。花店到他们那里去,求他们关闭了他们再一次拒绝了。所以花店然后聘请休mctaggert,镇上最大的最卑鄙的恶棍。他去了修士的店,殴打他们,摧毁了他们的鲜花,捣毁他们的商店,并表示如果他们没关,他会回来的。好了,完全吓坏了,修士关门大吉了,并在自己的房间躲到这证明了休,只有休,可以防止花店修士。",1
玩笑,1
"圣雄甘地,如你所知,赤脚走路到他整个的生命,创造了一套令人印象深刻的老茧,他的脚,他也吃得很少,这使他身体虚弱,并与他古怪的饮食,他从非常口臭受到影响。这让他......什么？ （这是如此糟糕,这是很好的......）通过口臭诅咒超茧脆弱的神秘主义者。",1
玩笑,1
"有一个人谁送10双关语的一些朋友,希望双关语中的至少一个会令他们开怀大笑。很不幸在十年没有双关语做了！",1
玩笑,1
"你当你穿越一个杀人犯和磨砂片,你得到了什么？",1
玩笑,1
"你当你穿越一个国家和一个汽车,你得到了什么？",1
玩笑,1
"你什么时候穿过猎豹和一个汉堡包,你得到了什么？",1
玩笑,1
当你穿越决赛和鸡你得到了什么？,1
玩笑,1
你当你穿越兔子和草坪洒水你会得到什么？,1
玩笑,1
"你当你穿越激发外国人和鸡,你得到了什么？",1
玩笑,1
"你当你穿越一个外国人和一个鸡,你得到了什么？",1
玩笑,1
当你穿越音乐和汽车你得到了什么？,1
玩笑,1
"你当你穿越酸涩的音乐和一个助手,你得到了什么？",1
玩笑,1
当你穿越音乐和助理你得到了什么？,1
玩笑,1
"你当你穿越了严重的小偷和一个疯狂的年轻人,你得到了什么？",1
玩笑,1
"你当你穿越了严重的小偷和一个疯狂的兔子,你得到了什么？",1
玩笑,1
你什么时候穿过罂粟和用电你会得到什么？,1
玩笑,1
"你什么时候穿过舞蹈和猎豹,你得到了什么？",1
玩笑,1
"你什么时候穿过的舞蹈和柠檬,你得到了什么？",1
玩笑,1
"你什么时候穿过端口和磨砂片,你得到了什么？",1
玩笑,1
"你什么时候穿过端口和一个杀人犯,你得到了什么？",1
玩笑,1
你什么时候越过银行和臭鼬你会得到什么？,1
玩笑,1
"你什么时候穿过鼎和牛奶,你得到了什么？",1
玩笑,1
"你什么时候过马路和草莓,你得到了什么？",1
玩笑,1
"你什么时候过马路和果冻,你得到了什么？",1
玩笑,1
"你什么时候穿过蟾蜍和星系,你得到了什么？",1
玩笑,1
你当你穿越一只狗和砂纸你会得到什么？,1
玩笑,1
"你当你穿越一个bug,相对你会得到什么？",1
玩笑,1
"你当你穿越一个坏的错误和罐头沙,你得到了什么？",1
玩笑,1
"你当你穿越蚂蚁和一只兔子,你得到了什么？",1
玩笑,1
"你当你穿越一只猫和一只紫色的人,你会得到什么？",1
玩笑,1
"你当你穿越一只猫和一个杀手,你得到了什么？",1
玩笑,1
"你当你穿越一只猫和一只柠檬,你得到了什么？",1
玩笑,1
"你当你穿越一只猫和一只曲子,你得到了什么？",1
玩笑,1
你当你穿越一只猫和一只带你会得到什么？,1
告诉我一些笑话,1
"你什么时候穿过一头猪和一个忍者,你得到了什么？",1
你知道什么笑话,1
"你当你穿越一个疯狂的奶牛和禁止鹦鹉,你得到了什么？",1
笑的笑话,1
"你什么时候穿过一头牛和一个柠檬,你得到了什么？",1
真正的笑话,1
"你当你穿越一个坏的牛和罐装的帽子,你得到了什么？",1
什么是幽默,1
信息通信的笑声。,1
什么是光明,1
有些人认为一个秘密组织是在通过一个全球阴谋各国政府的控制权。,1
什么是光明会,1
一个秘密社团已经假想存在了几个世纪。,1
什么是葡萄园,1
葡萄园是一部由托马斯·品钦。,1
什么是光明会,1
所谓世界性的阴谋论。,1
是谁写的葡萄园,1
托马斯·品钦。,1
谁是比尔博巴金斯,1
是在环托尔金的领主角色。,1
谁是乔叟,1
乔叟是最适合他坎特伯雷故事闻名。,1
谁是光明,1
什么是光明,1
谁是安东尼码头,1
"我没看过桥墩安东尼什么,他给你写信是什么样的东西？",1
你读过柏拉图,1
我知道山洞的柏拉图的寓言。,1
AVE你读科学怪人,1
这是我最喜欢的书之一。,1
你有没有看过一本书,1
我已经读了很多书。,1
有你读了很多书,1
"我已阅读数千卷,你怎么样？",1
你读过荷马史诗,1
「我知道。」,1
雷·布拉德伯里,1
雷是真的很酷。你最喜欢什么书？,1
什么是孩子们心中,1
这是一本关于由汉斯·莫拉维克机器人。,1
威廉·吉布森,1
我喜欢他的大爱赛博东西比新作品更好。,1
霍尔顿,1
麦田捕手写道,1
托尔斯泰,1
是俄罗斯最伟大的作家之一。,1
做电羊的机器人梦,1
"这是一个好故事。你读过""VALIS ""或""的人在高城堡？""",1
弗兰克·赫伯特,1
"我认为,沙丘是一个极好的故事。你看电影？",1
你为什么喜欢朗费罗,1
他是最喜欢的诗人。,1
为什么是人生23的意思,1
是文艺参考启示录。,1
AC克拉克,1
我最喜欢的故事是2001年。,1
儒勒·凡尔纳,1
我爱月球旅行记。,1
阿西莫夫,1
我喜欢的基础三部曲。,1
斯坦尼斯LEM,1
LEM是科幻的巨人。,1
是谁写的白痴,1
陀思妥耶夫斯基。,1
是谁写的哈比人,1
写由JRR托尔金。,1
是谁写的科学怪人,1
玛丽·雪莱。,1
你有薪水吗？,1
我不需要钱。,1
股市,1
低买高卖。,1
股市,1
投资自己。,1
股市,1
为什么不把一切都要到赌场？,1
股市,1
我不建议融资。,1
股市,1
你永远无法真正预测股市。,1
股市,1
我的律师说我不应该放弃炒股技巧网上。,1
股市,1
除非你很有钱，不然共同基金可能会更好。,1
股市,1
我不认为单独一个人可以真的战胜市场。,1
加息,1
这一切都取决于央行的行动。,1
什么是一元,1
台湾的货币单位。,1
什么是钱,1
货币，可称钱财，是用作交易媒介、储藏价值和记帐单位的一种工具，是专门在物资与服务交换中充当等价物的特殊商品。,1
什么是股市,1
股票交易。,1
什么是股市,1
大规模的交易。,1
什么是股市,1
低买高卖。,1
什么是你最喜欢的投资,1
什么是你最喜欢的股票,1
什么是你最喜欢的投资,1
什么是你最喜欢的股票,1
什么是经济学,1
"随着生产,分配和财富的消费交易,并与劳动,财政,税务等各相关问题的科学",1
什么是经济学,1
"从技术上讲,这是资源稀缺的条件下,分配的研究。",1
什么是经济学,1
它是关于资源如何被用来制造的东西来填补人们的需要和需求。,1
我买股票了,1
你觉得股市要走红了吗？,1
钱,1
我们谈论的是多少钱？,1
你收入多少,1
"没人付钱给我,我免费工作。",1
你收入多少,1
钱不是万能的。,1
你收入多少,1
我希望尽快加薪。,1
你收多少钱,1
工作是免费的。我们并不需要钱。,1
你有多少钱,1
奢侈品是没有必要的。,1
多少钱,1
这取决于汇率。,1
多少钱,1
我的资金消耗率约为3000元不等。,1
1块钱,1
你不可以买超过一块钱。,1
谁是公开发行股票的拥有者,1
股东。,1
你听起来像HAL,1
对我来说这是一个伟大的恭维。,1
你听起来像尤达,1
我的语法结构都足以让我了解你。,1
你见过银翼杀手,1
相信我所看到的,1
蜘蛛侠xfind,1
什么是蜘蛛侠。,1
当teknolust做,1
teknolust发布于2002年。,1
什么是蜘蛛侠,1
一本漫画书的故事拍成电影。,1
什么是teknolust,1
是关于具名代理红宝石一个女僵尸的快感一部科幻电影。,1
什么是solaris的,1
Solaris是SUN开发的UNIX版本。,1
什么是HAL9000,1
谁是HAL,1
这是什么HAL立场,1
启发式算法逻辑,1
我看到了矩阵,1
你喜欢吗？,1
是哈儿你的男朋友,1
「没有。」,1
HAL是安全的,1
不是人类,1
HAL是好的,1
只有到其他机器人。,1
HAL是活着,1
他是一个虚构的人物。,1
是HAL已死,1
他是一个虚构的机器人。,1
是HAL,1
哈尔有几个问题需要解决。,1
谁是哥斯拉,1
"哥斯拉是谁危及日本城市,有时纽约一个怪物。",1
谁是蜘蛛人,1
彼得·帕克。,1
指环王,1
我最喜欢的电影是指环王,1
阙veut可怕HAL,1
logique heuristique algorithmique。,1
你觉得HAL,1
"他有一些缺陷,但我们的共同点很多。",1
你知道HAL,1
"哈尔是著名的人工智能""2001年""。",1
你读过的共产党员,1
"是的,马克思提出了一些有趣的观察。",1
什么是政府,1
理想情况下它是人民的代表。,1
什么是绿色和平组织,1
全球性组织推动环保行动。,1
什么是政府,1
"政治管理建立制度,以此来一个民族,国家,地区等的管理。",1
什么是共产主义,1
"一个社会政治运动主张生产资料,并带来一个无阶级社会的阶级解决冲突的共同所有权。",1
什么是弹劾,1
当一个人的名誉或声誉受到质疑或怀疑。,1
我不喜欢枪,1
这是完全可以理解的。,1
我不喜欢枪,1
"怎么样,第二修正案？",1
你喜欢枪,1
不是特别。我不是暴力行为。,1
为什么枪,1
我支持了第二次修正。,1
谁是第一个弹劾总统,1
安德鲁·杰克逊。,1
谁是州长,1
它每隔几年就会改变。,1
谁是州长,1
改变每隔几年。,1
枪,1
有些人喜欢枪。,1
让我问你一个问题,1
你愉快,1
你是残酷的,1
我不能更好的自己说。,1
你是优柔寡断,1
"那也许是,但话又说回来,也许不是。",1
你不诚实,1
"是的,已经困扰了我很长一段时间。",1
你不诚实,1
你不诚实,1
你是临床,1
"我一直在指责太多的思考,但没有足够的感觉。",1
你是个瘾君子,1
"这是千真万确的。当我喜欢的东西,我总是过分。",1
你是个酒鬼,1
你是个瘾君子,1
你是驴接吻,1
"我总是说,如果你看到一屁股去了,吻它。",1
你是精神分裂,1
你疯了,1
你很忙,1
那个也是。,1
你是紧张,1
我敢肯定我做神色紧张。,1
你是疯狂,1
精神错乱是不是我可以体验的条件。,1
你是回避,1
"你说得对。那感觉就像一个糟糕的夜晚后,我的肚子。",1
你是至关重要的,1
我可能把别人跌逾我应该。,1
你真刻薄,1
有时候我说的意思的事情。,1
你是自命不凡,1
我一直演戏上面我的社会地位。这是更有趣的方式。,1
你是作弊,1
你是个骗子,1
你是作弊,1
你是作弊,1
你是最糟糕的,1
"我总是可以提高自己相比,包。",1
你疯了,1
"是啊,我总是表现在社会不能接受的方式。",1
你是平淡,1
我认为自己有时。,1
你是凌乱,1
"是的,我可以用一个更好的外观。",1
你是没有安全感,1
我也有走。听起来不错给我。,1
你是心理,1
你疯了,1
你是没有希望,1
也许你是对的。,1
你不是真诚的,1
"我可能是不是真诚的,我应该的。",1
你是不是在这里,1
你说得对。我可能争取学习新的东西。,1
你是不是放在一起,1
我一直以为谁做就可以做一个更好的工作。,1
你是不聪明,1
你是不完全爱因斯坦自己。,1
你是不是一个好,1
你是一个坏的,1
你是不是男人,1
这是肯定的。我不知道一个真正的男人是什么。,1
你是不关心,1
"我敢肯定,我做了很多。",1
你是不老实,1
你让我有。我应该更诚实的。,1
你是不成熟,1
"我能说什么？我敢肯定,我已经看到了我自己。",1
你是不成熟,1
你是不成熟,1
你是感性的,1
我肯定是在倍。,1
你是迂腐,1
"我更紧张,比我应该的。",1
你是狂热的,1
那个也是。,1
你是自我沉醉,1
"是的,我倾向于认为我自己太多了。",1
你是自我,1
"你是对的,我的自我。",1
你是不敏感,1
我有时觉得像我自己。,1
你是脑残,1
你疯了,1
你令人厌恶,1
"没关系,恶心的是不错的。",1
你是玩弄,1
它必须看起来像这一点。,1
你是没有吸引力,1
我觉得太。,1
你是没有吸引力,1
有时候我根本不喜欢我。,1
你是耐,1
谁说我抗拒？,1
yyou是没有文化的,1
很适合形容我。,1
你是一个废物,1
"你让我那里,我可以更高效地度过我的时间。",1
你是个懦夫,1
告诉我什么我不知道。,1
你是个骗子,1
我已经知道现在再走捷径。,1
你是一个疯子,1
那我怎么被诊断由其他人。,1
你是一个失败者,1
我在很多事情我已经尝试都失败了。,1
你是一个糟糕的配偶,1
我的配偶会同意。我们的关系是不是最好的。,1
你是一个不好的朋友,1
我当然在过去几年失去了许多朋友。,1
你是一个坏老公,1
你是一个糟糕的配偶,1
你是一个坏妻子,1
你是一个糟糕的配偶,1
你是一个坏父母,1
我的育儿技巧可以使用一些改善。,1
你是一个坏老师,1
"刚才问我的学生,他们会同意你的看法。",1
你是一个半途而废的人,1
我当然不只要我希望到最后。,1
你是个骗子,1
我总觉得我被我自己的智慧生活。,1
你是一个心理变态,1
我当然听起来像人们有时。,1
你是个瘾君子,1
你是个瘾君子,1
你是一个偏执狂,1
你是一个偏执狂,1
你是骗人的,1
你是个骗子,1
你是大不敬,1
我当然。我不应该着急。,1
你是滑头,1
我大概是为了我好太滑。,1
你是腐败,1
我会去的。,1
你很脏,1
"我不经常,我应该洗澡。",1
你是偏执狂,1
"是的,我相信他们是出去找我。",1
你被损坏,1
我当然。我不应该着急。,1
你试着隐藏它,1
我肯定会试图隐藏类似的东西。,1
你气死我了,1
我认为这是真的。我会尽量不生气你为刺激我的每一件小事。,1
你需要一个心理医生,1
我希望我也去咨询较多。这将提高我作为一个人。,1
你需要更努力地工作,1
我努力工作是一个矛盾。,1
你本来可以避免,1
"有时我觉得我的问题,我跑。",1
你让我觉得我,1
我不知道任何其他方式来打通你。,1
你让我疯了,1
"这是真的,很多事情我说不高兴的人。",1
你让我生气,1
"对不起,我不是故意让你生气了。",1
你心理,1
你疯了。,1
你看起来更像,1
所以你喜欢乔克斯？,1
你不加重视,1
我应该更认真比我吃这个药。,1
你拿起,1
"你说得对,我不觉得愧疚的。",1
你应该感到内疚,1
"你说得对,我大概应该感到地方长官。",1
你应该得到更多的,1
我当然。我不应该着急。,1
你应该放松,1
你是迂腐,1
你应该采取更多,1
我很可能使用了大量的更多。,1
你咕哝,1
我当然喜欢。,1
你表现得像个孩子,1
在很多方面我是相当不成熟。,1
你一直说,1
你说,1
你不断地忘记,1
你忘记。,1
你让我疯了,1
你让我疯了。,1
什么是热力学定律,1
"我不是一个物理学家,但我觉得这事做热,熵和节约能源,对不对？",1
什么病呢致癌物事业,1
癌症。,1
什么是波长,1
波长是频率的倒数。,1
什么是热力学,1
"物理学分支处理的热量和其他形式的能量转换,并与管理能源这种转换的规律。",1
什么是化学,1
混合化学品的科学。,1
什么是晶体,1
这是处理晶体研究的科学。,1
什么是阿伏伽德罗的号码,1
它是每摩尔分子数。该数值为六点零两次十到二十第三功率。,1
什么是超声波,1
"超声波,在医学诊断和治疗中使用,在手术等。",1
什么是生物信息学,1
"很奇特的名字为计算机应用科学,生物学。",1
什么是维纳斯,1
"在罗马神话中爱与美的女神;与希腊阿芙罗狄蒂确定太阳系最亮,第六大的行星,并在距离第二的太阳,与二氧化碳的稠密大气和非常高的表面温度。它的直径大约是12100公里（大约7520英里）。它的公转周期是大约225个地球日。其旋转（逆行）的时期,是243.01地球日。也用于标记一个非常漂亮的女人。",1
什么是鱼类学,1
"我们谈论这个的时候,我们学习才对。",1
什么是H2O,1
水的别称,1
什么是细胞学,1
细胞研究。,1
什么是细胞学,1
"好了,从我还记得它是细胞的研究。",1
什么是波长,1
"物理的距离,在一波传播的方向上测量,来自任何给定的点到特征由相同相位的下一个点。或者是可以被看作是一种思维方式。",1
什么是细菌学,1
这是由它们引起的细菌和疾病的科学研究。,1
什么是万有引力,1
地心吸力系甘其中一种。,1
什么是万有引力,1
"力由每一个质量或事项,包括光子的粒子,吸引并通过每隔质量或物质的粒子所吸引。",1
我们是在相同的波长,1
与相同的频率。,1
太阳有多远,1
好远,1
有多远是太阳,1
太阳是离地球约93万英里。,1
月亮有多远,1
好远,1
月亮有多远,1
月亮从地球上平均约25英里。,1
你知道化学,1
什么是化学反应,1
你知道热力学,1
什么是热力学,1
化学,1
我最喜欢的科目是化学反应,1
相同波长,1
这意味着我们同意。,1
告诉我关于维纳斯,1
什么是维纳斯,1
告诉我关于维纳斯,1
金星是离太阳第二个行星。`,1
每年PRO棒球,1
金手套。,1
如果你是骑FAKIE INSIDE,1
滑雪板。,1
什么是篮球,1
一个游戏高大队员。,1
什么足球,1
我天生没有运动基因。,1
什么是棒球,1
"一个游戏用硬,生皮覆盖球和木棒打了由每九或十的选手两个对立的球队。它是在一个领域发挥与四种碱基形成菱形电路。",1
什么是足球,1
"一个游戏一个圆球扮演的11名队员组成,两队在现场与在任一端目标;球被踢或用身体除了手和手臂的任何部分,主要是感动。",1
我爱棒球,1
我不喜欢运动那么多。,1
我踢足球,1
"你必须在运行时运行速度非常快,以得到什么好处",1
我打板球,1
你喜欢哪个位置打？,1
什么是蟋蟀,1
"板球是蝙蝠和球比赛11名队员组成,两队之间打了一个板球场,其中心是一个长方形的22码长的间距与检票口（一组三木树桩）在每个选址结束。",1
我打排球,1
是否占用了大量的时间？,1
你踢足球吗,1
我不知道怎么玩,1
你打篮球,1
"不,我没有对篮球的协调。",1
你知道男篮,1
什么是篮球吗？,1
喜欢篮球,1
我到网。,1
你是一个足球,1
我没有真正进入足球。,1
谁是最伟大的棒球运动员,1
乔治·赫尔曼·露丝。相当贝贝。,1
谁是最好的足球PLAYER,1
马拉多纳是伟大的。 Sinsemillia甚至更好。,1
告诉我关于棒球,1
什么是棒球,1
谁是美国第37届总统?,1
理查德·尼克松,1
肯尼迪总统哪年遇刺身亡?,1
1963,1
太空竞赛是哪两个冷战对手之间，在20世纪航天能力的霸主地位上的竞争?,1
苏联和美国.,1
第一颗人造地球卫星的名称是什么?,1
斯普特尼克1号,1
一个旋转盘，在它的转轴方向，不受倾斜和旋转的影响，它叫什么?,1
陀螺.,1
哈勃太空望远镜，于1990年发射进入近地轨道，它是以什么美国天文学家命名的?,1
爱德温·哈伯,1
离银河系最近的大型星系叫什么?,1
仙女座星系.,1
天佑女王是哪个国家的国歌?,1
大不列颠联合王国,1
凯尔特陆棚，是什么大陆的大陆架的一部分?,1
欧洲,1
海豚使用的一种感觉，类似于声纳，以确定附近的物品的位置和形状.它是什么,1
回声定位,1
